company_id,year,sales_cr,net_profit_cr,return_on_equity_pct,roce_pct,net_profit_margin_pct,operating_profit_margin_pct,debt_to_equity,interest_coverage,free_cash_flow_cr,fcf_cagr,cash_from_operations_cr,cfo_pat_ratio,revenue_cagr_5yr,pat_cagr_5yr,eps_cagr_5yr,asset_turnover,pe_ratio,pb_ratio,dividend_yield_pct,composite_quality_score
INDIGO,2024,76476,6074,637.3557187827912,6224.871531346352,7.942361002144463,79.1987028610283,0.02098635886673662,19.97000659195781,9424,71.56520119992503,21183,3.487487652288443,21.82746415084982,108.0032102880387,108.3377320809126,61.72397094430993,76.23,7.87,4.27,85.36789786029541
IRCTC,2024,4455,1200,34.06187908032926,42.21598877980365,26.93602693602693,33.78226711560045,0.01192165767811524,105.625,667,35.50477381816852,882,0.735,18.96007254747445,31.17303084073284,30.25855423486761,0.6551470588235294,60.44,5.74,1.08,76.01614707025888
ABB,2024,6066,1285,36.49531383129793,43.20022340128456,21.18364655456643,25.50280250576987,0.01704061346208463,164.7272727272727,1095,,6038,4.698832684824903,10.51838338733437,23.34970715828475,23.3343083722501,1.198103890973731,75.58,4.48,0.96,70.56132673674314
TRENT,2024,15025,1809,38.65384615384615,36.09322293774916,12.03993344425957,15.66722129783694,0.3935897435897436,16.90816326530612,841,,1349,0.7457158651188502,41.70061868307353,80.27810831829075,76.23403478323169,1.81592941745226,8.65,11.82,3.46,69.05738028542984
CIPLA,2024,26981,4987,17.58276628001269,69.64682209270052,18.48337719135688,74.40421037026054,0.01625356979162994,24.45377128953771,1152,228.7503659034452,4134,0.8289552837377181,10.5208791051689,27.2958100379844,26.6857064916266,0.7785600923387679,59.75,5.93,0.12,62.64122757095907
ADANIPORTS,2024,28443,9743,17.04036658737932,15.94356359313029,34.25447386000071,60.34876771086032,0.882975374282916,7.025858741798533,8250,37.78973446864202,15018,1.541414348763215,21.09070038007956,19.22156963496537,18.82061135201148,0.225711224854184,48.9,2.31,1.16,62.1222380372601
ADANIPOWER,2024,54650,12686,22.67219501733567,22.38439445221495,23.2131747483989,38.36230558096981,0.6738570969010258,7.13724884080371,17651,30.71118060790721,14170,1.116979347311998,18.00397061458112,,,0.4933022819179665,44.57,9.91,1.65,61.81710481907855
ICICIGI,2024,23301,2518,18.48073394495413,146.3339449541284,10.80640315866272,85.5671430410712,0.0,-1662.666666666667,486,32.27903093325808,2407,0.9559173947577443,15.85605252405145,19.13957527012988,17.26501623341559,0.3425912312171024,49.0,7.86,3.46,61.56001814833421
SUNPHARMA,2024,50308,11117,16.08478622585546,19.61164506814346,22.09787707720442,27.94585354218017,0.03721334008536497,65.39748953974896,11372,43.2382586094409,12135,1.091571467122425,11.59644412766763,28.21848740763726,33.1291101996509,0.5709292296518226,37.9,6.71,3.88,61.11997607942164
TCS,2024,252082,49006,48.28415192866643,61.14563826996318,19.44049951999746,26.81310049904396,0.08912754322873048,90.16603773584906,50429,10.77084245698778,44338,0.9047463575888667,11.4712271244271,9.19856921974651,9.953965407958165,1.564521734812939,78.69,6.08,1.62,61.02701911943053
LTIM,2024,37129,4574,21.70344009489917,27.49455151489252,12.31921139809852,17.32877265749145,0.110367734282325,26.35714285714286,1752,22.08444037386408,5670,1.239615216440752,31.49010199417706,24.71520123023736,12.09862708179354,1.290949549737492,64.52,2.38,4.43,60.26345935678137
LT,2024,238881,16150,76.63107947805456,131.6824067347549,6.760688376220796,12.89972831660952,0.110367734282325,3.695329087048832,20445,,18266,1.131021671826625,12.05419897376385,9.589722356789876,9.238846414037294,8.305726504641703,30.8,2.48,1.26,59.20637129069393
INFY,2024,159988,27687,30.60588306821573,38.42666747257397,17.30567292546941,23.84241318098858,0.09732155687960824,102.0825471698113,20117,7.201272446841034,25210,0.9105356304402789,14.1149754473521,12.4332209576784,13.86791058960391,1.127708465496581,35.99,8.97,4.1,56.58705774625254
PIDILITIND,2024,12901,1973,22.63912794033276,32.46096327248735,15.29338810944888,22.88194713588094,0.04348823866896156,63.18367346938776,955,23.53017525858574,2724,1.380638621388748,12.75675356298913,16.28289133171588,16.11871423331621,1.011446491571933,36.12,12.3,1.01,55.57090256283904
HCLTECH,2024,115308,17085,24.80580762250453,33.66860418396593,14.81683838068477,21.80160960210914,0.08407985480943739,41.86798179059181,15840,22.6161818543015,22448,1.313901082821188,13.79565532725266,11.0419025280428,11.23149262024683,1.15581929172138,63.63,5.44,1.99,54.79352631269666
SIEMENS,2024,22240,2718,17.69876929087712,19.85162445638271,12.22122302158273,13.9568345323741,0.01816761086149639,67.15,1168,53.28962129081927,1670,0.6144223693892568,11.1933589020679,19.85339817550189,19.64385000375561,0.8790861298865568,33.32,9.25,3.69,54.66621464840193
ASIANPAINT,2024,34831,4631,25.69351975144252,32.52677702044791,13.29562745829864,19.18118917056645,0.1395916555703506,32.14537444933921,3556,18.03587045363451,6104,1.318073850140358,12.60357400373788,15.9671922653273,16.8863268921301,1.181753409784895,73.37,3.9,2.42,53.54153450284668
EICHERMOT,2024,17091,4268,22.48801306707414,23.07176391683434,24.97220759464046,26.16581826692411,0.02128668528373465,117.0,890,-0.552520013345259,3724,0.872539831302718,11.77247642046957,14.14108136786931,14.00605448519747,0.701025430680886,15.62,13.61,4.41,52.41749345141952
APOLLOHOSP,2024,20469,1224,16.31782429009466,18.45750403442711,5.979774292833065,13.41052323025062,0.9826689774696707,6.229613733905579,383,14.5722412524085,1920,1.568627450980392,16.30848586200813,43.66477083334102,36.98499121200602,1.047114794352363,47.72,7.68,3.22,51.5268650813545
BAJAJ-AUTO,2024,48900,7371,23.79353755770038,25.2401722614841,15.07361963190184,18.69734151329244,0.1693082410665289,65.10975609756098,6486,23.98235048893478,6558,0.8897028897028897,10.00366137253317,8.385489265777046,9.11924826600956,1.066707386239693,29.91,9.83,3.59,51.02365794341458
ATGL,2024,4826,668,17.08003068268985,21.47913561847988,13.84169084127642,23.89142146705346,0.3725389925850166,11.36792452830189,203,-29.27279043282174,955,1.429640718562874,22.93124731179492,23.8762916927858,24.57309396155174,0.7053493130663548,56.96,5.76,0.51,47.14946368106483
MARUTI,2024,145213,14021,15.73166079482979,22.13834505622508,9.655471617554902,13.61172897743315,0.001772771133002715,116.8301886792453,4936,10.02778351575371,16801,1.198274017545111,11.02806150377747,12.87874116264329,12.00640740664227,1.193243820667894,20.78,8.26,1.78,45.14663892499985
DRREDDY,2024,31229,5448,17.71764935445055,23.34353846585962,17.44532325722886,26.61308399244292,0.1578587921558425,33.23550724637681,509,-24.68901184980715,4543,0.8338839941262849,15.11639040470511,22.81191334805026,22.71295875608494,0.6683145009416196,11.73,10.19,0.09,44.44610573025017
HAVELLS,2024,20677,1400,17.96253528355145,24.71080482402166,6.770808144314939,9.711273395560283,0.04259686938670772,50.39130434782609,335,-13.35487386941974,1953,1.395,15.46908882011924,12.1812729200756,11.09534595426207,1.609982091411664,45.41,14.08,2.6,40.29374627084601
